--
-- PostgreSQL database dump
--

-- Dumped from database version 12.3
-- Dumped by pg_dump version 12.3

SET statement_timeout = 0;
SET lock_timeout = 0;
SET idle_in_transaction_session_timeout = 0;
SET client_encoding = 'UTF8';
SET standard_conforming_strings = on;
SELECT pg_catalog.set_config('search_path', '', false);
SET check_function_bodies = false;
SET xmloption = content;
SET client_min_messages = warning;
SET row_security = off;

SET default_tablespace = '';

SET default_table_access_method = heap;

--
-- Name: alembic_version; Type: TABLE; Schema: public; Owner: postgres
--

CREATE TABLE public.alembic_version (
    version_num character varying(32) NOT NULL
);


ALTER TABLE public.alembic_version OWNER TO postgres;

--
-- Name: booking; Type: TABLE; Schema: public; Owner: postgres
--

CREATE TABLE public.booking (
    "ID" integer NOT NULL,
    "Name" character varying,
    "Phone" character varying,
    "Week Day" character varying,
    "Timing" character varying,
    "Teacher ID" integer
);


ALTER TABLE public.booking OWNER TO postgres;

--
-- Name: booking_ID_seq; Type: SEQUENCE; Schema: public; Owner: postgres
--

CREATE SEQUENCE public."booking_ID_seq"
    AS integer
    START WITH 1
    INCREMENT BY 1
    NO MINVALUE
    NO MAXVALUE
    CACHE 1;


ALTER TABLE public."booking_ID_seq" OWNER TO postgres;

--
-- Name: booking_ID_seq; Type: SEQUENCE OWNED BY; Schema: public; Owner: postgres
--

ALTER SEQUENCE public."booking_ID_seq" OWNED BY public.booking."ID";


--
-- Name: goals; Type: TABLE; Schema: public; Owner: postgres
--

CREATE TABLE public.goals (
    "ID" integer NOT NULL,
    "Goal slug" character varying,
    "Goal text" character varying
);


ALTER TABLE public.goals OWNER TO postgres;

--
-- Name: goals_ID_seq; Type: SEQUENCE; Schema: public; Owner: postgres
--

CREATE SEQUENCE public."goals_ID_seq"
    AS integer
    START WITH 1
    INCREMENT BY 1
    NO MINVALUE
    NO MAXVALUE
    CACHE 1;


ALTER TABLE public."goals_ID_seq" OWNER TO postgres;

--
-- Name: goals_ID_seq; Type: SEQUENCE OWNED BY; Schema: public; Owner: postgres
--

ALTER SEQUENCE public."goals_ID_seq" OWNED BY public.goals."ID";


--
-- Name: request_lesson; Type: TABLE; Schema: public; Owner: postgres
--

CREATE TABLE public.request_lesson (
    "ID" integer NOT NULL,
    "Name" character varying,
    "Phone" character varying,
    "Goal" character varying,
    "Timing" character varying
);


ALTER TABLE public.request_lesson OWNER TO postgres;

--
-- Name: request_lesson_ID_seq; Type: SEQUENCE; Schema: public; Owner: postgres
--

CREATE SEQUENCE public."request_lesson_ID_seq"
    AS integer
    START WITH 1
    INCREMENT BY 1
    NO MINVALUE
    NO MAXVALUE
    CACHE 1;


ALTER TABLE public."request_lesson_ID_seq" OWNER TO postgres;

--
-- Name: request_lesson_ID_seq; Type: SEQUENCE OWNED BY; Schema: public; Owner: postgres
--

ALTER SEQUENCE public."request_lesson_ID_seq" OWNED BY public.request_lesson."ID";


--
-- Name: schedule; Type: TABLE; Schema: public; Owner: postgres
--

CREATE TABLE public.schedule (
    "ID" integer NOT NULL,
    "Week Day" character varying,
    "Timing" character varying,
    "Teacher ID" integer
);


ALTER TABLE public.schedule OWNER TO postgres;

--
-- Name: schedule_ID_seq; Type: SEQUENCE; Schema: public; Owner: postgres
--

CREATE SEQUENCE public."schedule_ID_seq"
    AS integer
    START WITH 1
    INCREMENT BY 1
    NO MINVALUE
    NO MAXVALUE
    CACHE 1;


ALTER TABLE public."schedule_ID_seq" OWNER TO postgres;

--
-- Name: schedule_ID_seq; Type: SEQUENCE OWNED BY; Schema: public; Owner: postgres
--

ALTER SEQUENCE public."schedule_ID_seq" OWNED BY public.schedule."ID";


--
-- Name: teacher_goals; Type: TABLE; Schema: public; Owner: postgres
--

CREATE TABLE public.teacher_goals (
    teacher_id integer,
    goal_id integer
);


ALTER TABLE public.teacher_goals OWNER TO postgres;

--
-- Name: teachers; Type: TABLE; Schema: public; Owner: postgres
--

CREATE TABLE public.teachers (
    "ID" integer NOT NULL,
    "Name" character varying,
    "About" character varying,
    "Rating" double precision,
    "Picture" character varying,
    "Price" integer
);


ALTER TABLE public.teachers OWNER TO postgres;

--
-- Name: teachers_ID_seq; Type: SEQUENCE; Schema: public; Owner: postgres
--

CREATE SEQUENCE public."teachers_ID_seq"
    AS integer
    START WITH 1
    INCREMENT BY 1
    NO MINVALUE
    NO MAXVALUE
    CACHE 1;


ALTER TABLE public."teachers_ID_seq" OWNER TO postgres;

--
-- Name: teachers_ID_seq; Type: SEQUENCE OWNED BY; Schema: public; Owner: postgres
--

ALTER SEQUENCE public."teachers_ID_seq" OWNED BY public.teachers."ID";


--
-- Name: booking ID; Type: DEFAULT; Schema: public; Owner: postgres
--

ALTER TABLE ONLY public.booking ALTER COLUMN "ID" SET DEFAULT nextval('public."booking_ID_seq"'::regclass);


--
-- Name: goals ID; Type: DEFAULT; Schema: public; Owner: postgres
--

ALTER TABLE ONLY public.goals ALTER COLUMN "ID" SET DEFAULT nextval('public."goals_ID_seq"'::regclass);


--
-- Name: request_lesson ID; Type: DEFAULT; Schema: public; Owner: postgres
--

ALTER TABLE ONLY public.request_lesson ALTER COLUMN "ID" SET DEFAULT nextval('public."request_lesson_ID_seq"'::regclass);


--
-- Name: schedule ID; Type: DEFAULT; Schema: public; Owner: postgres
--

ALTER TABLE ONLY public.schedule ALTER COLUMN "ID" SET DEFAULT nextval('public."schedule_ID_seq"'::regclass);


--
-- Name: teachers ID; Type: DEFAULT; Schema: public; Owner: postgres
--

ALTER TABLE ONLY public.teachers ALTER COLUMN "ID" SET DEFAULT nextval('public."teachers_ID_seq"'::regclass);


--
-- Data for Name: alembic_version; Type: TABLE DATA; Schema: public; Owner: postgres
--

COPY public.alembic_version (version_num) FROM stdin;
d956d6c40726
\.


--
-- Data for Name: booking; Type: TABLE DATA; Schema: public; Owner: postgres
--

COPY public.booking ("ID", "Name", "Phone", "Week Day", "Timing", "Teacher ID") FROM stdin;
\.


--
-- Data for Name: goals; Type: TABLE DATA; Schema: public; Owner: postgres
--

COPY public.goals ("ID", "Goal slug", "Goal text") FROM stdin;
1	travel	⛱ Для путешествий
2	study	🏫 Для учебы
3	work	🏢 Для работы
4	relocate	🚜 Для переезда
5	coding	🙈 Для кодинга
\.


--
-- Data for Name: request_lesson; Type: TABLE DATA; Schema: public; Owner: postgres
--

COPY public.request_lesson ("ID", "Name", "Phone", "Goal", "Timing") FROM stdin;
\.


--
-- Data for Name: schedule; Type: TABLE DATA; Schema: public; Owner: postgres
--

COPY public.schedule ("ID", "Week Day", "Timing", "Teacher ID") FROM stdin;
1	mon	10:00	1
2	mon	12:00	1
3	tue	8:00	1
4	tue	10:00	1
5	wed	8:00	1
6	wed	10:00	1
7	thu	8:00	1
8	thu	10:00	1
9	fri	8:00	1
10	fri	10:00	1
11	sat	16:00	1
12	sat	18:00	1
13	sat	20:00	1
14	sun	16:00	1
15	sun	18:00	1
16	sun	20:00	1
17	mon	16:00	2
18	mon	18:00	2
19	mon	20:00	2
20	mon	22:00	2
21	tue	16:00	2
22	tue	18:00	2
23	tue	20:00	2
24	tue	22:00	2
25	wed	16:00	2
26	wed	18:00	2
27	wed	20:00	2
28	wed	22:00	2
29	thu	16:00	2
30	thu	18:00	2
31	thu	20:00	2
32	thu	22:00	2
33	tue	8:00	3
34	tue	10:00	3
35	tue	12:00	3
36	tue	14:00	3
37	tue	16:00	3
38	tue	18:00	3
39	tue	20:00	3
40	tue	22:00	3
41	wed	8:00	3
42	wed	10:00	3
43	wed	12:00	3
44	wed	14:00	3
45	wed	16:00	3
46	wed	18:00	3
47	wed	20:00	3
48	wed	22:00	3
49	thu	8:00	3
50	thu	10:00	3
51	thu	12:00	3
52	thu	14:00	3
53	thu	16:00	3
54	thu	18:00	3
55	thu	20:00	3
56	thu	22:00	3
57	fri	8:00	3
58	fri	10:00	3
59	fri	12:00	3
60	fri	14:00	3
61	fri	16:00	3
62	fri	18:00	3
63	fri	20:00	3
64	fri	22:00	3
65	mon	16:00	5
66	mon	18:00	5
67	mon	20:00	5
68	mon	22:00	5
69	tue	16:00	5
70	tue	18:00	5
71	tue	20:00	5
72	tue	22:00	5
73	wed	16:00	5
74	wed	18:00	5
75	wed	20:00	5
76	wed	22:00	5
77	thu	16:00	5
78	thu	18:00	5
79	thu	20:00	5
80	thu	22:00	5
81	mon	16:00	6
82	mon	18:00	6
83	mon	20:00	6
84	mon	22:00	6
85	tue	16:00	6
86	tue	18:00	6
87	tue	20:00	6
88	tue	22:00	6
89	wed	16:00	6
90	wed	18:00	6
91	wed	20:00	6
92	wed	22:00	6
93	thu	16:00	6
94	thu	18:00	6
95	thu	20:00	6
96	thu	22:00	6
97	mon	16:00	7
98	mon	18:00	7
99	mon	20:00	7
100	mon	22:00	7
101	tue	16:00	7
102	tue	18:00	7
103	tue	20:00	7
104	tue	22:00	7
105	wed	16:00	7
106	wed	18:00	7
107	wed	20:00	7
108	wed	22:00	7
109	thu	16:00	7
110	thu	18:00	7
111	thu	20:00	7
112	thu	22:00	7
113	mon	16:00	8
114	mon	18:00	8
115	mon	20:00	8
116	mon	22:00	8
117	tue	16:00	8
118	tue	18:00	8
119	tue	20:00	8
120	tue	22:00	8
121	wed	16:00	8
122	wed	18:00	8
123	wed	20:00	8
124	wed	22:00	8
125	thu	16:00	8
126	thu	18:00	8
127	thu	20:00	8
128	thu	22:00	8
129	mon	16:00	9
130	mon	18:00	9
131	mon	20:00	9
132	mon	22:00	9
133	tue	16:00	9
134	tue	18:00	9
135	tue	20:00	9
136	tue	22:00	9
137	wed	16:00	9
138	wed	18:00	9
139	wed	20:00	9
140	wed	22:00	9
141	thu	16:00	9
142	thu	18:00	9
143	thu	20:00	9
144	thu	22:00	9
145	mon	16:00	10
146	mon	18:00	10
147	mon	20:00	10
148	mon	22:00	10
149	tue	16:00	10
150	tue	18:00	10
151	tue	20:00	10
152	tue	22:00	10
153	wed	16:00	10
154	wed	18:00	10
155	wed	20:00	10
156	wed	22:00	10
157	thu	16:00	10
158	thu	18:00	10
159	thu	20:00	10
160	thu	22:00	10
161	mon	16:00	11
162	mon	18:00	11
163	mon	20:00	11
164	mon	22:00	11
165	tue	16:00	11
166	tue	18:00	11
167	tue	20:00	11
168	tue	22:00	11
169	wed	16:00	11
170	wed	18:00	11
171	wed	20:00	11
172	wed	22:00	11
173	thu	16:00	11
174	thu	18:00	11
175	thu	20:00	11
176	thu	22:00	11
177	mon	16:00	12
178	mon	18:00	12
179	mon	20:00	12
180	mon	22:00	12
181	tue	16:00	12
182	tue	18:00	12
183	tue	20:00	12
184	tue	22:00	12
185	wed	16:00	12
186	wed	18:00	12
187	wed	20:00	12
188	wed	22:00	12
189	thu	16:00	12
190	thu	18:00	12
191	thu	20:00	12
192	thu	22:00	12
\.


--
-- Data for Name: teacher_goals; Type: TABLE DATA; Schema: public; Owner: postgres
--

COPY public.teacher_goals (teacher_id, goal_id) FROM stdin;
1	1
1	4
1	2
2	4
2	2
3	3
4	1
4	2
5	1
6	1
6	2
7	1
7	4
7	2
8	2
9	4
9	3
9	5
10	3
10	5
11	1
11	2
11	3
11	5
12	1
12	3
12	5
\.


--
-- Data for Name: teachers; Type: TABLE DATA; Schema: public; Owner: postgres
--

COPY public.teachers ("ID", "Name", "About", "Rating", "Picture", "Price") FROM stdin;
1	Morris Simmmons	Репетитор американского английского языка. Структурированная система обучения. Всем привет! Я предпочитаю называть себя «тренером» английского языка. Мои занятия похожи на тренировки	4.2	https://i.pravatar.cc/300?img=20	900
2	Lee P	I am a native speaker and conversation tutor, providing private English conversation lessons using something called Life Learning.This method allows students to take complete control of how and what they learn. It is student-led learning focusing on interests, life goals, enjoyment and effective learning for you, as an individual.Stop wasting time with textbooks, tests and unneccesary pressure. Find a love for learning and speaking English with creativity and freedom. The lessons are completely chosen by you to keep you motivated and driven to achieve your goals.	4.8	https://i.pravatar.cc/300?img=19	1200
3	Felix A	The English language has become the language of the world, thus, it is considered a world language. Today English seems to evolve to a future global tongue, as its spreading on the Internet in recent years shows (almost 80% of the worldwide web's pages are now written in English). scientific researchers have found out that in fact many small languages have already vanished.But to teach it in a satisfactory manner a good teacher of English is required.xA good teacher of English must possess some qualities.Business, General and conversational English	4.7	https://i.pravatar.cc/300?img=27	1300
4	Milan S	I have a wide range of interests, believe me, you will never be bored during our lesson. I worked with lawyers, doctors, biologists and many others to help them improve their English in their respective fields. Since I spent my whole life satisfying my curiosity, I acquired a huge vocabulary that I can pass on to you.	4.9	https://i.pravatar.cc/300?img=28	1300
5	Gulya S	Hello! My name is Gulya :) I am a native speaker of the Russian language and I am fluent in English. I have been teaching online for 3 years now. I have an individual program, having studied your requirements, I am preparing a special program. plan, and therefore deal) Books Cambridge, Oxford, etc. I train and develop colloquial speech. We study words, stable combinations and put them into practice. We speak and try to speak :) on different topics. We listen to audio lessons, watch films with subtitles. We analyze everything on the shelves :) In parallel, of course, we study the basics of grammar and the correct delivery of sentences :) All the materials are provided by me. I promise you that you will talk from the first first lesson :)	4.3	https://i.pravatar.cc/300?img=29	900
6	Yan M	Hello! My name is Yang and for more than five years I have been teaching English. I spent part of this time in China, where I worked with students from 3 to 40 years old. I deal with both adults and children. But for all ages, I try to make my classes fun and interactive. Teaching English to me is not just a language lesson. I always try to attract a wider cultural and historical context that helps my students understand more about the language and its features. A degree in history helps me a lot to create such an intellectual environment in the classroom.For each student, I develop an individual curriculum that depends on its goals and needs.	3.9	https://i.pravatar.cc/300?img=30	800
7	Eran E	Hello, my name is Eran & I am a friendly native English speaker. I am an experienced English teacher with a neutral accent that is easily understood. This is because I have grown up living in 13 countries across 4 continents. They include England, America, Australia & Japan. Presently, I live in Lisbon, Portugal. While I am primarily focused on 1 to 1 tuition, I’ve previously taught classes with as many as 50 students at a time. My students have ranged from 12 to 70 years old. From Israeli middle schoolers all the way through to Thai Government officials. As a result, I’ve learned a wide variety of teaching methods. Currently, I'm taking students with English level: B2 onwards, as well as those who are interested in long-term growth and multiple lessons.I understand how hard it can be to learn another language. That's why my teaching style is fun, constructive & easy-going. Lessons will be tailored to meet your needs & goals. Through my lessons, you will gain the confidence to speak English in your daily life.	4.5	https://i.pravatar.cc/300?img=32	1200
8	Mr. Mark	My lessons are fun and practical, but most importantly, we are going to be extremely productive. I believe that the best way to master English is through EXECUTION. Less theory, more practice. Lots of practice. Our goal is to achieve maximum involvement and focus on the subject. Schools trained us to be very passive. Sit quietly by yourself, be lectured to, just consume information. THAT is not how we are going to learn English.	4.5	https://i.pravatar.cc/300?img=33	1100
9	Skye L.	Hello, My name is Skye. I’m from London in the United Kingdom but I am currently living in Japan. I have a TEFL certificate which I acquired last year. Since moving to Japan I have been teaching some of my Japanese friends English. I think learning should be fun and engaging and even though English can be difficult to learn I aim to make it enjoyable.I enjoy watching football and travelling. I do a lot of Yoga in my spare time and I can't wait to meet you!	5	https://i.pravatar.cc/300?img=35	1700
10	Seeta Y.	Hello and welcome to my profile learners of the wonderful world of the English language! I am a certified native English teacher with an A in TEFL. Learning something new should be fun and exciting and not something you’re dragging your feet into doing which is why I believe a little fun and humour plays a huge part in the learning process and also the development of a healthy and enjoyable relationship between us.I am also currently trying to learn a new language and so I know from my own experience how daunting or sometimes challenging it can be but please remember I’m here to work with you and not against you. We can work together on pronunciation, reading, conversational English, homework you may have from school or college, slang, in fact on any subject area you enjoy or want to develop as when you’re enjoying the learning process you’re learning without even realising.	4.1	https://i.pravatar.cc/300?img=36	1200
11	Salman S	I motivate and guide students to achieve their goals. It depends on what is the problem they are facing. Sometimes they just want to practice speaking to improve their fluency. Sometimes it's more complicated which is a language barrier and I need to boost their confidence. Some are coming with a specific task to pass an exam like IELTS and TOEFL. Moreover some are seeking to improve their business skills and business conversation. Sometimes they need to pass the interview in English. According to their requirements I have materials and programs to help them to achieve their desired goals. My vast experience of teaching plays a vital role as well.	4.7	https://i.pravatar.cc/300?img=37	1100
12	Andrew G	Hi guys, My name is Andrew and I am an English teacher from the USA currently living now in Atlanta, Georgia.My teaching experience ranges from 1 on 1 to groups, children to adults, in-person or online. IMPORTANT*** Although I have experience teaching Children, right now I'm only teaching Adults through Conversational English. This is my specialty and I do this through focusing mainly on Accent Reduction, Pronunciation, Speech Therapy, and improving one's Vocabulary.I have been traveling and teaching since 2008 and my travels have really helped me be more culturally aware, and relevant. I am fun and unique when it comes to teaching English, you won't that find my classes anywhere else.	4.2	https://i.pravatar.cc/300?img=38	900
\.


--
-- Name: booking_ID_seq; Type: SEQUENCE SET; Schema: public; Owner: postgres
--

SELECT pg_catalog.setval('public."booking_ID_seq"', 1, false);


--
-- Name: goals_ID_seq; Type: SEQUENCE SET; Schema: public; Owner: postgres
--

SELECT pg_catalog.setval('public."goals_ID_seq"', 5, true);


--
-- Name: request_lesson_ID_seq; Type: SEQUENCE SET; Schema: public; Owner: postgres
--

SELECT pg_catalog.setval('public."request_lesson_ID_seq"', 1, false);


--
-- Name: schedule_ID_seq; Type: SEQUENCE SET; Schema: public; Owner: postgres
--

SELECT pg_catalog.setval('public."schedule_ID_seq"', 192, true);


--
-- Name: teachers_ID_seq; Type: SEQUENCE SET; Schema: public; Owner: postgres
--

SELECT pg_catalog.setval('public."teachers_ID_seq"', 12, true);


--
-- Name: alembic_version alembic_version_pkc; Type: CONSTRAINT; Schema: public; Owner: postgres
--

ALTER TABLE ONLY public.alembic_version
    ADD CONSTRAINT alembic_version_pkc PRIMARY KEY (version_num);


--
-- Name: booking booking_pkey; Type: CONSTRAINT; Schema: public; Owner: postgres
--

ALTER TABLE ONLY public.booking
    ADD CONSTRAINT booking_pkey PRIMARY KEY ("ID");


--
-- Name: goals goals_pkey; Type: CONSTRAINT; Schema: public; Owner: postgres
--

ALTER TABLE ONLY public.goals
    ADD CONSTRAINT goals_pkey PRIMARY KEY ("ID");


--
-- Name: request_lesson request_lesson_pkey; Type: CONSTRAINT; Schema: public; Owner: postgres
--

ALTER TABLE ONLY public.request_lesson
    ADD CONSTRAINT request_lesson_pkey PRIMARY KEY ("ID");


--
-- Name: schedule schedule_pkey; Type: CONSTRAINT; Schema: public; Owner: postgres
--

ALTER TABLE ONLY public.schedule
    ADD CONSTRAINT schedule_pkey PRIMARY KEY ("ID");


--
-- Name: teachers teachers_pkey; Type: CONSTRAINT; Schema: public; Owner: postgres
--

ALTER TABLE ONLY public.teachers
    ADD CONSTRAINT teachers_pkey PRIMARY KEY ("ID");


--
-- Name: booking booking_Teacher ID_fkey; Type: FK CONSTRAINT; Schema: public; Owner: postgres
--

ALTER TABLE ONLY public.booking
    ADD CONSTRAINT "booking_Teacher ID_fkey" FOREIGN KEY ("Teacher ID") REFERENCES public.teachers("ID") ON DELETE CASCADE;


--
-- Name: schedule schedule_Teacher ID_fkey; Type: FK CONSTRAINT; Schema: public; Owner: postgres
--

ALTER TABLE ONLY public.schedule
    ADD CONSTRAINT "schedule_Teacher ID_fkey" FOREIGN KEY ("Teacher ID") REFERENCES public.teachers("ID") ON DELETE CASCADE;


--
-- Name: teacher_goals teacher_goals_goal_id_fkey; Type: FK CONSTRAINT; Schema: public; Owner: postgres
--

ALTER TABLE ONLY public.teacher_goals
    ADD CONSTRAINT teacher_goals_goal_id_fkey FOREIGN KEY (goal_id) REFERENCES public.goals("ID");


--
-- Name: teacher_goals teacher_goals_teacher_id_fkey; Type: FK CONSTRAINT; Schema: public; Owner: postgres
--

ALTER TABLE ONLY public.teacher_goals
    ADD CONSTRAINT teacher_goals_teacher_id_fkey FOREIGN KEY (teacher_id) REFERENCES public.teachers("ID");


--
-- PostgreSQL database dump complete
--

